-- phpMyAdmin SQL Dump
-- Updated and fixed SQL file with all changes merged
-- Generation Time: Apr 11, 2025
-- Server version: 10.4.33-MariaDB-log
-- PHP Version: 8.1.10

SET SQL_MODE = "NO_AUTO_VALUE_ON_ZERO";
START TRANSACTION;
SET time_zone = "+00:00";

/*!40101 SET @OLD_CHARACTER_SET_CLIENT=@@CHARACTER_SET_CLIENT */;
/*!40101 SET @OLD_CHARACTER_SET_RESULTS=@@CHARACTER_SET_RESULTS */;
/*!40101 SET @OLD_COLLATION_CONNECTION=@@COLLATION_CONNECTION */;
/*!40101 SET NAMES utf8mb4 */;

--
-- Database: `attendancemsystem01`
--

-- --------------------------------------------------------

--
-- Table structure for table `tbladmin`
--

CREATE TABLE `tbladmin` (
  `Id` int(10) NOT NULL,
  `firstName` varchar(50) NOT NULL,
  `lastName` varchar(50) NOT NULL,
  `emailAddress` varchar(50) NOT NULL,
  `password` varchar(50) NOT NULL
) ENGINE=MyISAM DEFAULT CHARSET=latin1 COLLATE=latin1_swedish_ci;

--
-- Dumping data for table `tbladmin`
--

INSERT INTO `tbladmin` (`Id`, `firstName`, `lastName`, `emailAddress`, `password`) VALUES
(1, 'Admin', '', 'admin@gmail.com', '75d23af433e0cea4c0e45a56dba18b30');

-- --------------------------------------------------------

--
-- Table structure for table `tblattendance`
--

CREATE TABLE `tblattendance` (
  `Id` int(10) NOT NULL,
  `admissionNo` varchar(255) NOT NULL,
  `classId` varchar(10) NOT NULL,
  `classArmId` varchar(10) NOT NULL,
  `sessionTermId` varchar(10) NOT NULL,
  `status` varchar(10) NOT NULL,
  `dateTimeTaken` varchar(20) NOT NULL
) ENGINE=MyISAM DEFAULT CHARSET=latin1 COLLATE=latin1_swedish_ci;

--
-- Dumping data for table `tblattendance`
--

INSERT INTO `tblattendance` (`Id`, `admissionNo`, `classId`, `classArmId`, `sessionTermId`, `status`, `dateTimeTaken`) VALUES
(162, 'ASDFLKJ', '1', '2', '1', '1', '2020-11-01'),
(163, 'AMS011', '1', '2', '1', '1', '2020-11-01'),
(164, 'JSLDKJ', '1', '2', '1', '1', '2020-11-01'),
(172, 'HSKDS9EE', '1', '4', '1', '1', '2020-11-01'),
(171, 'JKADA', '1', '4', '1', '0', '2020-11-01'),
(170, 'JSFSKDJ', '1', '4', '1', '1', '2020-11-01'),
(173, 'ASDFLKJ', '1', '2', '1', '1', '2020-11-19'),
(174, 'HSKSDD', '1', '2', '1', '1', '2020-11-19'),
(175, 'JSLDKJ', '1', '2', '1', '1', '2020-11-19'),
(176, 'JSFSKDJ', '1', '4', '1', '0', '2021-07-15'),
(177, 'JKADA', '1', '4', '1', '0', '2021-07-15'),
(178, 'HSKDS9EE', '1', '4', '1', '0', '2021-07-15'),
(179, 'ASDFLKJ', '1', '2', '1', '0', '2021-09-27'),
(180, 'HSKSDD', '1', '2', '1', '1', '2021-09-27'),
(181, 'JSLDKJ', '1', '2', '1', '1', '2021-09-27'),
(182, 'ASDFLKJ', '1', '2', '1', '0', '2021-10-06'),
(183, 'HSKSDD', '1', '2', '1', '0', '2021-10-06'),
(184, 'JSLDKJ', '1', '2', '1', '1', '2021-10-06'),
(185, 'ASDFLKJ', '1', '2', '1', '0', '2021-10-07'),
(186, 'HSKSDD', '1', '2', '1', '0', '2021-10-07'),
(187, 'JSLDKJ', '1', '2', '1', '0', '2021-10-07'),
(188, 'AMS110', '4', '6', '1', '1', '2021-10-07'),
(189, 'AMS133', '4', '6', '1', '0', '2021-10-07'),
(190, 'AMS135', '4', '6', '1', '0', '2021-10-07'),
(191, 'AMS144', '4', '6', '1', '1', '2021-10-07'),
(192, 'AMS148', '4', '6', '1', '0', '2021-10-07'),
(193, 'AMS151', '4', '6', '1', '1', '2021-10-07'),
(194, 'AMS159', '4', '6', '1', '1', '2021-10-07'),
(195, 'AMS161', '4', '6', '1', '1', '2021-10-07'),
(196, 'AMS110', '4', '6', '1', '1', '2022-06-06'),
(197, 'AMS133', '4', '6', '1', '0', '2022-06-06'),
(198, 'AMS135', '4', '6', '1', '0', '2022-06-06'),
(199, 'AMS144', '4', '6', '1', '1', '2022-06-06'),
(200, 'AMS148', '4', '6', '1', '0', '2022-06-06'),
(201, 'AMS151', '4', '6', '1', '1', '2022-06-06'),
(202, 'AMS159', '4', '6', '1', '1', '2022-06-06'),
(203, 'AMS161', '4', '6', '1', '1', '2022-06-06'),
(204, 'AMS110', '4', '6', '1', '0', '2025-03-01'),
(205, 'AMS133', '4', '6', '1', '0', '2025-03-01'),
(206, 'AMS135', '4', '6', '1', '0', '2025-03-01'),
(207, 'AMS144', '4', '6', '1', '0', '2025-03-01'),
(208, 'AMS148', '4', '6', '1', '0', '2025-03-01'),
(209, 'AMS151', '4', '6', '1', '0', '2025-03-01'),
(210, 'AMS159', '4', '6', '1', '0', '2025-03-01'),
(211, 'AMS161', '4', '6', '1', '0', '2025-03-01');

-- --------------------------------------------------------

--
-- Table structure for table `tblclass`
--

CREATE TABLE `tblclass` (
  `Id` int(10) NOT NULL AUTO_INCREMENT,
  `className` varchar(255) NOT NULL,
  PRIMARY KEY (`Id`)
) ENGINE=InnoDB DEFAULT CHARSET=latin1 COLLATE=latin1_swedish_ci;

--
-- Dumping data for table `tblclass`
--

INSERT INTO `tblclass` (`Id`, `className`) VALUES
(1, 'Grade 7'),
(2, 'Grade 8'),
(3, 'Grade 9'),
(4, 'Grade 10'),
(5, 'Grade 11'),
(6, 'Grade 12');

-- --------------------------------------------------------

--
-- Table structure for table `tblclassarms`
--

CREATE TABLE `tblclassarms` (
  `Id` int(10) NOT NULL AUTO_INCREMENT,
  `classId` varchar(10) NOT NULL,
  `classArmName` varchar(255) NOT NULL,
  `isAssigned` varchar(10) NOT NULL DEFAULT '0',
  `teacherId` int(10) NULL,
  PRIMARY KEY (`Id`),
  INDEX `teacher_idx` (`teacherId`)
) ENGINE=InnoDB DEFAULT CHARSET=latin1 COLLATE=latin1_swedish_ci;

--
-- Dumping data for table `tblclassarms`
--

INSERT INTO `tblclassarms` (`Id`, `classId`, `classArmName`, `isAssigned`) VALUES
(1, '1', 'Section A', '0'),
(2, '1', 'Section B', '0'),
(3, '2', 'Section A', '0'),
(4, '2', 'Section B', '0'),
(5, '3', 'Section A', '0'),
(6, '3', 'Section B', '0'),
(7, '4', 'Section A', '0'),
(8, '4', 'Section B', '0'),
(9, '5', 'Section A', '0'),
(10, '5', 'Section B', '0'),
(11, '6', 'Section A', '0'),
(12, '6', 'Section B', '0');

-- --------------------------------------------------------

--
-- Table structure for table `tblclassteacher`
--

CREATE TABLE `tblclassteacher` (
  `Id` int(10) NOT NULL,
  `firstName` varchar(255) NOT NULL,
  `lastName` varchar(255) NOT NULL,
  `emailAddress` varchar(255) NOT NULL,
  `password` varchar(255) NOT NULL,
  `phoneNo` varchar(50) NOT NULL,
  `classId` varchar(10) NOT NULL,
  `classArmId` varchar(10) NOT NULL,
  `dateCreated` varchar(50) NOT NULL
) ENGINE=MyISAM DEFAULT CHARSET=latin1 COLLATE=latin1_swedish_ci;

--
-- Dumping data for table `tblclassteacher`
--

INSERT INTO `tblclassteacher` (`Id`, `firstName`, `lastName`, `emailAddress`, `password`, `phoneNo`, `classId`, `classArmId`, `dateCreated`) VALUES
(1, 'Will', 'Kibagendi', 'teacher2@mail.com', '32250170a0dca92d53ec9624f336ca24', '09089898999', '4', '2', '2022-10-31'),
(4, 'Demola', 'Ade', 'teacher3@gmail.com', '32250170a0dca92d53ec9624f336ca24', '09672002882', '1', '4', '2022-11-01'),
(5, 'Ryan', 'Mbeche', 'teacher4@mail.com', '32250170a0dca92d53ec9624f336ca24', '7014560000', '3', '5', '2022-10-07'),
(6, 'John', 'Keroche', 'teacher@mail.com', '83cbf99ba386f6394f08f33d07ba73e1', '0100000030', '1', '6', '2022-10-07');

-- --------------------------------------------------------

--
-- Table structure for table `tblparent`
--

CREATE TABLE `tblparent` (
  `id` int(11) NOT NULL,
  `fn` varchar(50) NOT NULL,
  `mn` varchar(50) DEFAULT NULL,
  `ln` varchar(50) NOT NULL,
  `created_at` timestamp NOT NULL DEFAULT current_timestamp(),
  `updated_at` timestamp NOT NULL DEFAULT current_timestamp() ON UPDATE current_timestamp(),
  `student` varchar(255) NOT NULL,
  `emailAddress` varchar(255) DEFAULT NULL,
  `password` varchar(255) DEFAULT NULL
) ENGINE=InnoDB DEFAULT CHARSET=latin1 COLLATE=latin1_swedish_ci;

--
-- Dumping data for table `tblparent`
--

INSERT INTO `tblparent` (`id`, `fn`, `mn`, `ln`, `created_at`, `updated_at`, `student`, `emailAddress`, `password`) VALUES
(1, 'Juan', 'Dela', 'Cruz', '2025-03-01 07:29:03', '2025-03-01 09:45:57', 'ASDFLKJ,JSLDKJ', 'juan@example.com', 'password123'),
(2, 'Maria', 'Santos', 'Reyes', '2025-03-01 07:29:03', '2025-03-01 07:29:03', '102', 'maria@example.com', 'password456'),
(3, 'Carlos', NULL, 'Fernandez', '2025-03-01 07:29:03', '2025-03-01 07:29:03', '103', 'carlos@example.com', 'password789'),
(4, 'Ana', 'Lopez', 'Garcia', '2025-03-01 07:29:03', '2025-03-01 07:29:03', '104', 'ana@example.com', 'password321'),
(5, 'Pedro', 'Morales', 'Torres', '2025-03-01 07:29:03', '2025-03-01 10:12:58', 'AMS021,AMS161', 'pedro@example.com', 'password654');

-- --------------------------------------------------------

--
-- Table structure for table `tblsessionterm`
--

CREATE TABLE `tblsessionterm` (
  `Id` int(10) NOT NULL,
  `sessionName` varchar(50) NOT NULL,
  `isActive` varchar(10) NOT NULL,
  `dateCreated` varchar(50) NOT NULL
) ENGINE=MyISAM DEFAULT CHARSET=latin1 COLLATE=latin1_swedish_ci;

--
-- Dumping data for table `tblsessionterm`
--

INSERT INTO `tblsessionterm` (`Id`, `sessionName`, `isActive`, `dateCreated`) VALUES
(1, '2021/2022', '1', '2022-10-31'),
(3, '2021/2022', '0', '2022-10-31');

-- --------------------------------------------------------

--
-- Table structure for table `tblsessionterm_backup`
--

CREATE TABLE `tblsessionterm_backup` (
  `Id` int(10) NOT NULL,
  `sessionName` varchar(50) NOT NULL,
  `termId` varchar(50) NOT NULL,
  `isActive` varchar(10) NOT NULL,
  `dateCreated` varchar(50) NOT NULL
) ENGINE=MyISAM DEFAULT CHARSET=latin1 COLLATE=latin1_swedish_ci;

-- --------------------------------------------------------

--
-- Table structure for table `tblstudents`
--

CREATE TABLE `tblstudents` (
  `Id` int(10) NOT NULL,
  `firstName` varchar(255) NOT NULL,
  `lastName` varchar(255) NOT NULL,
  `otherName` varchar(255) NOT NULL,
  `admissionNumber` varchar(255) NOT NULL,
  `password` varchar(50) NOT NULL,
  `classId` varchar(10) NOT NULL,
  `classArmId` varchar(10) NOT NULL,
  `dateCreated` varchar(50) NOT NULL
) ENGINE=MyISAM DEFAULT CHARSET=latin1 COLLATE=latin1_swedish_ci;

--
-- Dumping data for table `tblstudents`
--

INSERT INTO `tblstudents` (`Id`, `firstName`, `lastName`, `otherName`, `admissionNumber`, `password`, `classId`, `classArmId`, `dateCreated`) VALUES
(1, 'Thomas', 'Omari', 'none', 'JSLDKJ', '12345', '4', '6', '2022-10-31'),
(3, 'Samuel', 'Ondieki', 'none', 'ASDFLKJ', '12345', '1', '2', '2022-10-31'),
(4, 'Milagros', 'Oloo', 'none', 'AMS011', '12345', '1', '2', '2022-10-31'),
(5, 'Luis', 'Ayo', 'none', 'AMS012', '12345', '1', '4', '2022-10-31'),
(6, 'Sandra', 'Sagero', 'none', 'AMS015', '12345', '1', '4', '2022-10-31'),
(7, 'Smith', 'Makori', 'Mack', 'AMS017', '12345', '1', '4', '2022-10-31'),
(8, 'Juliana', 'Kerubo', 'none', 'AMS019', '12345', '3', '5', '2022-10-31'),
(9, 'Richard', 'Semo', 'none', 'AMS021', '12345', '3', '5', '2022-10-31'),
(10, 'Jon', 'Mbeeka', 'none', 'AMS110', '12345', '4', '6', '2022-10-07'),
(11, 'Aida', 'Moraa', 'none', 'AMS133', '12345', '4', '6', '2022-10-07'),
(12, 'Miguel', 'Bush', 'none', 'AMS135', '12345', '4', '6', '2022-10-07'),
(13, 'Sergio', 'Hammons', 'none', 'AMS144', '12345', '4', '6', '2022-10-07'),
(14, 'Lyn', 'Rogers', 'none', 'AMS148', '12345', '4', '6', '2022-10-07'),
(15, 'James', 'Dominick', 'none', 'AMS151', '12345', '4', '6', '2022-10-07'),
(16, 'Ethel', 'Quin', 'none', 'AMS159', '12345', '4', '6', '2022-10-07'),
(17, 'Roland', 'Estrada', 'none', 'AMS161', '12345', '4', '6', '2022-10-07');

-- --------------------------------------------------------

--
-- Table structure for table `tblterm`
--

CREATE TABLE `tblterm` (
  `Id` int(10) NOT NULL,
  `termName` varchar(20) NOT NULL
) ENGINE=MyISAM DEFAULT CHARSET=latin1 COLLATE=latin1_swedish_ci;

--
-- Dumping data for table `tblterm`
--

INSERT INTO `tblterm` (`Id`, `termName`) VALUES
(1, 'First'),
(2, 'Second'),
(3, 'Third');

--
-- Indexes for dumped tables
--

--
-- Indexes for table `tbladmin`
--
ALTER TABLE `tbladmin`
  ADD PRIMARY KEY (`Id`);

--
-- Indexes for table `tblattendance`
--
ALTER TABLE `tblattendance`
  ADD PRIMARY KEY (`Id`);

--
-- Indexes for table `tblclassteacher`
--
ALTER TABLE `tblclassteacher`
  ADD PRIMARY KEY (`Id`);

--
-- Indexes for table `tblparent`
--
ALTER TABLE `tblparent`
  ADD PRIMARY KEY (`id`);

--
-- Indexes for table `tblsessionterm`
--
ALTER TABLE `tblsessionterm`
  ADD PRIMARY KEY (`Id`);

--
-- Indexes for table `tblstudents`
--
ALTER TABLE `tblstudents`
  ADD PRIMARY KEY (`Id`);

--
-- Indexes for table `tblterm`
--
ALTER TABLE `tblterm`
  ADD PRIMARY KEY (`Id`);

--
-- AUTO_INCREMENT for dumped tables
--

--
-- AUTO_INCREMENT for table `tbladmin`
--
ALTER TABLE `tbladmin`
  MODIFY `Id` int(10) NOT NULL AUTO_INCREMENT, AUTO_INCREMENT=2;

--
-- AUTO_INCREMENT for table `tblattendance`
--
ALTER TABLE `tblattendance`
  MODIFY `Id` int(10) NOT NULL AUTO_INCREMENT, AUTO_INCREMENT=212;

--
-- AUTO_INCREMENT for table `tblclassteacher`
--
ALTER TABLE `tblclassteacher`
  MODIFY `Id` int(10) NOT NULL AUTO_INCREMENT, AUTO_INCREMENT=7;

--
-- AUTO_INCREMENT for table `tblparent`
--
ALTER TABLE `tblparent`
  MODIFY `id` int(11) NOT NULL AUTO_INCREMENT, AUTO_INCREMENT=6;

--
-- AUTO_INCREMENT for table `tblsessionterm`
--
ALTER TABLE `tblsessionterm`
  MODIFY `Id` int(10) NOT NULL AUTO_INCREMENT, AUTO_INCREMENT=4;

--
-- AUTO_INCREMENT for table `tblstudents`
--
ALTER TABLE `tblstudents`
  MODIFY `Id` int(10) NOT NULL AUTO_INCREMENT, AUTO_INCREMENT=18;

--
-- AUTO_INCREMENT for table `tblterm`
--
ALTER TABLE `tblterm`
  MODIFY `Id` int(10) NOT NULL AUTO_INCREMENT, AUTO_INCREMENT=4;

-- Update teacher assignments
UPDATE tblclassarms ca
JOIN tblclassteacher ct ON ca.classId = ct.classId AND ca.Id = ct.classArmId
SET ca.teacherId = ct.Id, ca.isAssigned = '1';

COMMIT;

/*!40101 SET CHARACTER_SET_CLIENT=@OLD_CHARACTER_SET_CLIENT */;
/*!40101 SET CHARACTER_SET_RESULTS=@OLD_CHARACTER_SET_RESULTS */;
/*!40101 SET COLLATION_CONNECTION=@OLD_COLLATION_CONNECTION */;
